<?xml version="1.0" encoding="UTF-8"?>
<project-private xmlns="http://www.netbeans.org/ns/project-private/1">
    <editor-bookmarks xmlns="http://www.netbeans.org/ns/editor-bookmarks/2" lastBookmarkId="0"/>
    <open-files xmlns="http://www.netbeans.org/ns/projectui-open-files/2">
        <group>
            <file>file:/D:/Praktikum%20smt%203/pbo/university/src/university.java</file>
            <file>file:/D:/Praktikum%20smt%203/pbo/university/src/dosen.java</file>
            <file>file:/D:/Praktikum%20smt%203/pbo/university/src/karyawan.java</file>
            <file>file:/D:/Praktikum%20smt%203/pbo/university/src/mahasiswa.java</file>
        </group>
    </open-files>
</project-private>
